{"accuracy":86.4,"_timestamp":1.7324816487665415e+09,"_wandb":{"runtime":3045},"_runtime":1584.6138755,"_step":0,"loss":0.28187829827545374}
