{"_runtime":41529.1315642,"_step":31,"loss":0.0131144922320377,"accuracy":93,"_wandb":{"runtime":42075},"_timestamp":1.7324361957568831e+09}
