{"test_acc":99.6,"_timestamp":1.7335106103551786e+09,"_runtime":2222.6582037,"_step":0,"_wandb":{"runtime":2566},"epoch":1,"lr":0.005,"train_loss":0.16101941976602338}
