{"_timestamp":1.7331834453523917e+09,"_runtime":11883.2930278,"_wandb":{"runtime":11918},"_step":79,"loss":NaN,"accuracy":50.505050505050505}
