{"_step":130,"loss":0.8775960355997086,"_wandb":{"runtime":173},"accuracy":54.54545454545455,"_timestamp":1.7332456006644652e+09,"_runtime":172.0282264}
