{"_timestamp":1.7323203481937797e+09,"_runtime":1221.8003236,"_step":19,"_wandb":{"runtime":1224},"loss":0.16473896563518944}