{"accuracy":50,"_timestamp":1.7332458864579647e+09,"_runtime":265.2779998,"_step":198,"_wandb":{"runtime":265},"loss":1.3171982318162918}
