{"loss":0.2862193449196208,"accuracy":87.9,"_wandb":{"runtime":28756},"_timestamp":1.7324789357226694e+09,"_runtime":28737.7996282,"_step":19}
