{"_step":0,"_wandb":{"runtime":106},"loss":0.14392249584206607,"_timestamp":1.7323217278245955e+09,"_runtime":63.0435927}
