{"loss":0.13766093287356465,"accuracy":95.5,"_timestamp":1.7326958372023337e+09,"_runtime":44148.1576378,"_wandb":{"runtime":44923},"_step":31}
