{"loss":0.0001664424407031122,"accuracy":72.9,"_timestamp":1.7323344463559482e+09,"_runtime":12172.6114553,"_step":199,"_wandb":{"runtime":12174}}