{"_timestamp":1.7323165195943384e+09,"_runtime":973.2187746,"_wandb":{"runtime":1002},"_step":5,"loss":0}
