{"_timestamp":1.732322230939047e+09,"_runtime":126.4254891,"_step":1,"_wandb":{"runtime":141},"loss":0.1132010060537506}