{"_wandb":{"runtime":1604},"_step":19,"loss":0.1831075707840998,"_timestamp":1.7323182800826483e+09,"_runtime":1601.9095503}
