{"_step":18,"_wandb":{"runtime":25913},"loss":0.22704183447842174,"accuracy":93.5,"_timestamp":1.7325091015973172e+09,"_runtime":25866.929675}
