{"_timestamp":1.7325953694608698e+09,"_runtime":41372.4506788,"_step":31,"loss":0.17787001599839353,"accuracy":94.2,"_wandb":{"runtime":41392}}
