{"_timestamp":1.7323946108879008e+09,"_runtime":22.1724319,"_step":0,"_wandb":{"runtime":29},"loss":0.05761121892929077,"accuracy":55}
